,layer2_out_U,,chan_status1.csv
,layer3_out_U,,chan_status2.csv
,layer5_out_U,,chan_status3.csv
,layer6_out_U,,chan_status4.csv
,layer7_out_U,,chan_status5.csv
,layer8_out_U,,chan_status6.csv
,layer10_out_U,,chan_status7.csv
,layer11_out_U,,chan_status8.csv
,layer12_out_U,,chan_status9.csv
,layer13_out_U,,chan_status10.csv
,layer15_out_U,,chan_status11.csv
,layer16_out_U,,chan_status12.csv
,layer17_out_U,,chan_status13.csv
,layer18_out_U,,chan_status14.csv
,layer20_out_U,,chan_status15.csv
,layer21_out_U,,chan_status16.csv
,layer22_out_U,,chan_status17.csv
,layer23_out_U,,chan_status18.csv
,layer25_out_U,,chan_status19.csv
,layer26_out_U,,chan_status20.csv
,layer27_out_U,,chan_status21.csv
,layer29_out_U,,chan_status22.csv
